drop table Users;
drop table History;
drop table Questions;
drop table Tags;
drop table Subjects;
drop table Modules;
drop table Submodules;

create table Users (
	id          serial not null,
	email       text,
	name		text,
	passwd		text,
    isTeacher   boolean,
	primary key (id)
);

create table History (
    questionID  integer,
    studentID   integer,
    finish_time timestamp,
    masteredQ   boolean,
    nextAttempt timestamp,
    student_answer   text,
    result      boolean,
    approved    boolean,
    primary key (questionID,studentID,finish_time)
);

create table Questions (
    questionID  serial,
    subjectID   integer,
    moduleID    integer,
    submoduleID integer,
    questionText    text,
    questionType    text, -- 'mc' / 'numeric' / 'whiteboard'
    answer      text,
    photo       text,
    difficulty  integer,
    authorID    integer,
    starred     boolean,
    primary key (questionID)
);

create table Tags (
    questionID integer,
    tagName     varchar(255),
    primary key (questionID, tagName)
);

create table Subjects (
    subjectID   serial,
    subjectName text,
    primary key (subjectID)
);

create table Modules (
    moduleID    serial,
    subjectID   integer,
    moduleName  text,
    primary key (moduleID)
);

create table Submodules (
    submoduleID serial,
    moduleID    integer,
    submoduleName text,
    primary key (submoduleID)
);


insert into Users
values
    (1,'teacher1@gmail.com','TeacherOne','password1',True),
    (2,'teacher2@gmail.com','TeacherTwo','password2',True),
    (3,'teacher3@gmail.com','TeacherThree','password3',True),
    (4,'student1@gmail.com','StudentOne','password1',False),
    (5,'student2@gmail.com','StudentTwo','password2',False),
    (6,'student3@gmail.com','StudentThree','password3',False);

insert into Subjects
values
    (1,'Yr12 Maths Extension 2');

insert into Modules
values
    (1,1,'Complex Numbers'),
    (2,1,'Integration'),
    (3,1,'Mechanics'),
    (4,1,'Vectors'),
    (5,1,'Proofs'),
    (6,1,'Derivatives');

insert into Submodules
values 
    (1,1,'De Moivres Theorem'),
    (2,1,'Roots of Unity'),
    (3,1,'Polar Form'),
    (4,1,'Conjugate Theorems'),
    (5,1,'Exponential Form'),
    (6,1,'Trigonometric Identities'),
    (7,2,'U-substitution');

insert into Questions
values 
    (1,1,1,2,'Multiple Choice Example 1: |1|2|3|4|','mc','C',null,1,2,False),
    (2,1,1,5,'Numeric Input Example 1:','numeric','4',null,7,1,False),
    (3,1,1,2,'Whiteboard Input Example 1','whiteboard',null,null,8,1,True),
    (4,1,1,2,'Multiple Choice Example 2: |1|2|3|4|','mc','C',null,1,3,False),
    (5,1,1,6,'Numeric Input Example 2:','numeric','2',null,9,1,False),
    (6,1,1,2,'Whiteboard Input Example 2','whiteboard',null,null,3,2,True),
    (7,1,1,6,'Multiple Choice Example 3: |1|2|3|4|','mc','C',null,10,1,False),
    (8,1,1,5,'Numeric Input Example 3:','numeric','1',null,9,3,False),
    (9,1,1,6,'Whiteboard Input Example 3','whiteboard',null,null,1,1,True),
    (10,1,1,1,'Multiple Choice Example 4: |1|2|3|4|','mc','A',null,1,2,False),
    (11,1,1,5,'Numeric Input Example 4:','numeric','4',null,2,1,False),
    (12,1,1,4,'Whiteboard Input Example 4','whiteboard',null,null,7,2,True),
    (13,1,1,4,'Multiple Choice Example 5: |1|2|3|4|','mc','D',null,3,1,False),
    (14,1,1,5,'Numeric Input Example 5:','numeric','2',null,6,1,False),
    (15,1,1,5,'Whiteboard Input Example 5','whiteboard',null,null,4,1,True),
    (16,1,1,3,'Multiple Choice Example 6: |1|2|3|4|','mc','B',null,3,1,False),
    (17,1,1,4,'Numeric Input Example 6:','numeric','2',null,4,2,False),
    (18,1,1,6,'Whiteboard Input Example 6','whiteboard',null,null,7,1,True),
    (19,1,1,1,'Multiple Choice Example 7: |1|2|3|4|','mc','B',null,1,3,False),
    (20,1,1,6,'Numeric Input Example 7:','numeric','2',null,10,2,False),
    (21,1,1,5,'Whiteboard Input Example 7','whiteboard',null,null,8,2,True),
    (22,1,1,1,'Multiple Choice Example 8: |1|2|3|4|','mc','A',null,7,2,False),
    (23,1,1,5,'Numeric Input Example 8:','numeric','2',null,2,3,False),
    (24,1,1,5,'Whiteboard Input Example 8','whiteboard',null,null,3,3,True),
    (25,1,1,3,'Multiple Choice Example 9: |1|2|3|4|','mc','A',null,1,1,False),
    (26,1,1,1,'Numeric Input Example 9:','numeric','4',null,6,2,False),
    (27,1,1,5,'Whiteboard Input Example 9','whiteboard',null,null,6,2,True),
    (28,1,1,3,'Multiple Choice Example 10: |1|2|3|4|','mc','C',null,5,2,False),
    (29,1,1,3,'Numeric Input Example 10:','numeric','3',null,8,3,False),
    (30,1,1,1,'Whiteboard Input Example 10','whiteboard',null,null,6,1,True),
    (31,1,1,2,'Multiple Choice Example 11: |1|2|3|4|','mc','B',null,1,2,False),
    (32,1,1,3,'Numeric Input Example 11:','numeric','1',null,10,1,False),
    (33,1,1,3,'Whiteboard Input Example 11','whiteboard',null,null,8,3,True),
    (34,1,1,3,'Multiple Choice Example 12: |1|2|3|4|','mc','A',null,3,1,False),
    (35,1,1,6,'Numeric Input Example 12:','numeric','1',null,8,3,False),
    (36,1,1,2,'Whiteboard Input Example 12','whiteboard',null,null,5,1,True),
    (37,1,1,2,'Multiple Choice Example 13: |1|2|3|4|','mc','C',null,6,2,False),
    (38,1,1,3,'Numeric Input Example 13:','numeric','3',null,1,1,False),
    (39,1,1,5,'Whiteboard Input Example 13','whiteboard',null,null,3,1,True),
    (40,1,1,2,'Multiple Choice Example 14: |1|2|3|4|','mc','B',null,3,2,False),
    (41,1,1,3,'Numeric Input Example 14:','numeric','1',null,6,2,False),
    (42,1,1,3,'Whiteboard Input Example 14','whiteboard',null,null,7,3,True),
    (43,1,1,4,'Multiple Choice Example 15: |1|2|3|4|','mc','B',null,4,2,False),
    (44,1,1,1,'Numeric Input Example 15:','numeric','2',null,9,2,False),
    (45,1,1,6,'Whiteboard Input Example 15','whiteboard',null,null,2,2,True),
    (46,1,1,6,'Multiple Choice Example 16: |1|2|3|4|','mc','D',null,10,3,False),
    (47,1,1,2,'Numeric Input Example 16:','numeric','4',null,5,1,False),
    (48,1,1,4,'Whiteboard Input Example 16','whiteboard',null,null,6,1,True),
    (49,1,1,4,'Multiple Choice Example 17: |1|2|3|4|','mc','C',null,8,1,False),
    (50,1,1,5,'Numeric Input Example 17:','numeric','3',null,1,2,False),
    (51,1,1,5,'Whiteboard Input Example 17','whiteboard',null,null,6,3,True),
    (52,1,1,5,'Multiple Choice Example 18: |1|2|3|4|','mc','C',null,8,3,False),
    (53,1,1,2,'Numeric Input Example 18:','numeric','4',null,10,3,False),
    (54,1,1,3,'Whiteboard Input Example 18','whiteboard',null,null,2,1,True),
    (55,1,1,6,'Multiple Choice Example 19: |1|2|3|4|','mc','D',null,5,3,False),
    (56,1,1,5,'Numeric Input Example 19:','numeric','3',null,1,2,False),
    (57,1,1,4,'Whiteboard Input Example 19','whiteboard',null,null,8,3,True),
    (58,1,1,1,'Multiple Choice Example 20: |1|2|3|4|','mc','A',null,1,2,False),
    (59,1,1,5,'Numeric Input Example 20:','numeric','3',null,6,1,False),
    (60,1,1,4,'Whiteboard Input Example 20','whiteboard',null,null,5,1,True),
    (61,1,1,1,'Multiple Choice Example 21: |1|2|3|4|','mc','D',null,10,1,False),
    (62,1,1,2,'Numeric Input Example 21:','numeric','1',null,8,3,False),
    (63,1,1,2,'Whiteboard Input Example 21','whiteboard',null,null,6,1,True),
    (64,1,1,3,'Multiple Choice Example 22: |1|2|3|4|','mc','A',null,5,2,False),
    (65,1,1,4,'Numeric Input Example 22:','numeric','2',null,10,3,False),
    (66,1,1,6,'Whiteboard Input Example 22','whiteboard',null,null,10,3,True),
    (67,1,1,5,'Multiple Choice Example 23: |1|2|3|4|','mc','A',null,7,1,False),
    (68,1,1,5,'Numeric Input Example 23:','numeric','1',null,9,1,False),
    (69,1,1,1,'Whiteboard Input Example 23','whiteboard',null,null,7,2,True),
    (70,1,1,5,'Multiple Choice Example 24: |1|2|3|4|','mc','A',null,2,1,False),
    (71,1,1,2,'Numeric Input Example 24:','numeric','3',null,4,2,False),
    (72,1,1,2,'Whiteboard Input Example 24','whiteboard',null,null,8,2,True),
    (73,1,1,5,'Multiple Choice Example 25: |1|2|3|4|','mc','A',null,3,1,False),
    (74,1,1,5,'Numeric Input Example 25:','numeric','4',null,6,1,False),
    (75,1,1,2,'Whiteboard Input Example 25','whiteboard',null,null,5,2,True),
    (76,1,1,3,'Multiple Choice Example 26: |1|2|3|4|','mc','B',null,1,2,False),
    (77,1,1,5,'Numeric Input Example 26:','numeric','2',null,6,1,False),
    (78,1,1,4,'Whiteboard Input Example 26','whiteboard',null,null,5,3,True),
    (79,1,1,1,'Multiple Choice Example 27: |1|2|3|4|','mc','D',null,2,2,False),
    (80,1,1,6,'Numeric Input Example 27:','numeric','4',null,1,3,False),
    (81,1,1,3,'Whiteboard Input Example 27','whiteboard',null,null,1,3,True),
    (82,1,1,2,'Multiple Choice Example 28: |1|2|3|4|','mc','D',null,2,2,False),
    (83,1,1,6,'Numeric Input Example 28:','numeric','1',null,6,2,False),
    (84,1,1,5,'Whiteboard Input Example 28','whiteboard',null,null,6,3,True),
    (85,1,1,3,'Multiple Choice Example 29: |1|2|3|4|','mc','A',null,4,2,False),
    (86,1,1,4,'Numeric Input Example 29:','numeric','4',null,6,1,False),
    (87,1,1,2,'Whiteboard Input Example 29','whiteboard',null,null,8,2,True),
    (88,1,1,6,'Multiple Choice Example 30: |1|2|3|4|','mc','D',null,4,1,False),
    (89,1,1,2,'Numeric Input Example 30:','numeric','1',null,8,2,False),
    (90,1,1,1,'Whiteboard Input Example 30','whiteboard',null,null,1,1,True),
    (91,1,1,3,'Multiple Choice Example 31: |1|2|3|4|','mc','C',null,7,3,False),
    (92,1,1,5,'Numeric Input Example 31:','numeric','2',null,7,2,False),
    (93,1,1,6,'Whiteboard Input Example 31','whiteboard',null,null,2,1,True),
    (94,1,1,2,'Multiple Choice Example 32: |1|2|3|4|','mc','A',null,6,2,False),
    (95,1,1,3,'Numeric Input Example 32:','numeric','2',null,1,3,False),
    (96,1,1,5,'Whiteboard Input Example 32','whiteboard',null,null,2,2,True),
    (97,1,1,6,'Multiple Choice Example 33: |1|2|3|4|','mc','A',null,1,1,False),
    (98,1,1,1,'Numeric Input Example 33:','numeric','4',null,1,1,False),
    (99,1,1,6,'Whiteboard Input Example 33','whiteboard',null,null,3,1,True),
    (100,1,1,6,'Multiple Choice Example 34: |1|2|3|4|','mc','C',null,1,3,False),
    (101,1,1,1,'Numeric Input Example 34:','numeric','4',null,4,2,False),
    (102,1,1,4,'Whiteboard Input Example 34','whiteboard',null,null,7,1,True),
    (103,1,1,4,'Multiple Choice Example 35: |1|2|3|4|','mc','D',null,8,1,False),
    (104,1,1,1,'Numeric Input Example 35:','numeric','4',null,2,1,False),
    (105,1,1,4,'Whiteboard Input Example 35','whiteboard',null,null,4,1,True),
    (106,1,1,6,'Multiple Choice Example 36: |1|2|3|4|','mc','A',null,2,1,False),
    (107,1,1,5,'Numeric Input Example 36:','numeric','1',null,8,3,False),
    (108,1,1,3,'Whiteboard Input Example 36','whiteboard',null,null,5,2,True),
    (109,1,1,4,'Multiple Choice Example 37: |1|2|3|4|','mc','C',null,2,1,False),
    (110,1,1,2,'Numeric Input Example 37:','numeric','2',null,2,1,False),
    (111,1,1,3,'Whiteboard Input Example 37','whiteboard',null,null,10,2,True),
    (112,1,1,1,'Multiple Choice Example 38: |1|2|3|4|','mc','C',null,6,3,False),
    (113,1,1,1,'Numeric Input Example 38:','numeric','3',null,8,2,False),
    (114,1,1,2,'Whiteboard Input Example 38','whiteboard',null,null,9,1,True),
    (115,1,1,4,'Multiple Choice Example 39: |1|2|3|4|','mc','C',null,3,3,False),
    (116,1,1,5,'Numeric Input Example 39:','numeric','2',null,2,2,False),
    (117,1,1,1,'Whiteboard Input Example 39','whiteboard',null,null,7,2,True),
    (118,1,1,2,'Multiple Choice Example 40: |1|2|3|4|','mc','B',null,9,1,False),
    (119,1,1,3,'Numeric Input Example 40:','numeric','3',null,2,2,False),
    (120,1,1,1,'Whiteboard Input Example 40','whiteboard',null,null,9,2,True),
    (121,1,1,4,'Multiple Choice Example 41: |1|2|3|4|','mc','B',null,8,3,False),
    (122,1,1,5,'Numeric Input Example 41:','numeric','1',null,8,2,False),
    (123,1,1,3,'Whiteboard Input Example 41','whiteboard',null,null,4,1,True),
    (124,1,1,1,'Multiple Choice Example 42: |1|2|3|4|','mc','D',null,6,2,False),
    (125,1,1,5,'Numeric Input Example 42:','numeric','1',null,1,1,False),
    (126,1,1,5,'Whiteboard Input Example 42','whiteboard',null,null,10,3,True),
    (127,1,1,4,'Multiple Choice Example 43: |1|2|3|4|','mc','C',null,1,1,False),
    (128,1,1,5,'Numeric Input Example 43:','numeric','4',null,8,1,False),
    (129,1,1,1,'Whiteboard Input Example 43','whiteboard',null,null,8,1,True),
    (130,1,1,4,'Multiple Choice Example 44: |1|2|3|4|','mc','B',null,10,2,False),
    (131,1,1,2,'Numeric Input Example 44:','numeric','2',null,8,2,False),
    (132,1,1,4,'Whiteboard Input Example 44','whiteboard',null,null,8,2,True),
    (133,1,1,1,'Multiple Choice Example 45: |1|2|3|4|','mc','B',null,3,2,False),
    (134,1,1,5,'Numeric Input Example 45:','numeric','4',null,3,3,False),
    (135,1,1,5,'Whiteboard Input Example 45','whiteboard',null,null,3,2,True),
    (136,1,1,1,'Multiple Choice Example 46: |1|2|3|4|','mc','B',null,7,1,False),
    (137,1,1,5,'Numeric Input Example 46:','numeric','2',null,8,1,False),
    (138,1,1,5,'Whiteboard Input Example 46','whiteboard',null,null,7,1,True),
    (139,1,1,4,'Multiple Choice Example 47: |1|2|3|4|','mc','C',null,1,2,False),
    (140,1,1,4,'Numeric Input Example 47:','numeric','2',null,2,1,False),
    (141,1,1,1,'Whiteboard Input Example 47','whiteboard',null,null,6,1,True),
    (142,1,1,3,'Multiple Choice Example 48: |1|2|3|4|','mc','A',null,7,1,False),
    (143,1,1,2,'Numeric Input Example 48:','numeric','4',null,2,2,False),
    (144,1,1,5,'Whiteboard Input Example 48','whiteboard',null,null,9,2,True),
    (145,1,1,2,'Multiple Choice Example 49: |1|2|3|4|','mc','D',null,9,1,False),
    (146,1,1,4,'Numeric Input Example 49:','numeric','1',null,2,3,False),
    (147,1,1,5,'Whiteboard Input Example 49','whiteboard',null,null,2,3,True),
    (148,1,1,3,'Multiple Choice Example 50: |1|2|3|4|','mc','B',null,9,3,False),
    (149,1,1,5,'Numeric Input Example 50:','numeric','3',null,9,2,False),
    (150,1,1,1,'Whiteboard Input Example 50','whiteboard',null,null,6,1,True);

insert into Tags
values
    (1,'HSC 2007'),
    (2,'Baulkham Hills Trial 2078'),
    (3,'James Ruse Trial 2077'),
    (4,'HSC 2010'),
    (5,'Baulkham Hills Trial 2078'),
    (6,'James Ruse Trial 2077'),
    (7,'HSC 2007'),
    (8,'James Ruse Trial 2077'),
    (9,'HSC 2010'),
    (10,'Baulkham Hills Trial 2078'),
    (11,'Baulkham Hills Trial 2078'),
    (12,'HSC 2007'),
    (13,'HSC 2010'),
    (14,'HSC 2010'),
    (15,'HSC 2011'),
    (16,'James Ruse Trial 2077'),
    (17,'Baulkham Hills Trial 2078'),
    (18,'HSC 2011'),
    (19,'Baulkham Hills Trial 2078'),
    (20,'Baulkham Hills Trial 2078'),
    (21,'James Ruse Trial 2077'),
    (22,'Baulkham Hills Trial 2078'),
    (23,'Baulkham Hills Trial 2078'),
    (24,'James Ruse Trial 2077'),
    (25,'HSC 2007'),
    (26,'HSC 2010'),
    (27,'Baulkham Hills Trial 2078'),
    (28,'James Ruse Trial 2077'),
    (29,'HSC 2011'),
    (30,'James Ruse Trial 2077'),
    (31,'Baulkham Hills Trial 2078'),
    (32,'HSC 2010'),
    (33,'HSC 2007'),
    (34,'James Ruse Trial 2077'),
    (35,'HSC 2010'),
    (36,'HSC 2011'),
    (37,'James Ruse Trial 2077'),
    (38,'James Ruse Trial 2077'),
    (39,'Baulkham Hills Trial 2078'),
    (40,'HSC 2011'),
    (41,'HSC 2011'),
    (42,'James Ruse Trial 2077'),
    (43,'HSC 2007'),
    (44,'HSC 2010'),
    (45,'HSC 2010'),
    (46,'HSC 2011'),
    (47,'HSC 2007'),
    (48,'HSC 2007'),
    (49,'HSC 2011'),
    (50,'James Ruse Trial 2077');

insert into History
values 
(100,5,'2021-04-17 10:34:09 AM',True,'2021-04-20 10:34:09 PM','D',True,True),
(56,5,'2021-04-17 10:34:09 AM',True,'2021-04-20 10:34:09 PM','37',True,True),
(79,5,'2021-01-12 10:34:09 AM',True,'2021-01-15 10:34:09 PM','A',True,True),
(62,4,'2021-01-12 10:34:09 AM',False,'2021-01-15 10:34:09 PM','64',True,True),
(22,6,'2021-06-22 10:34:09 AM',True,'2021-06-25 10:34:09 PM','C',False,True),
(128,6,'2021-06-22 10:34:09 AM',True,'2021-06-25 10:34:09 PM','42',True,True),
(49,4,'2021-06-30 10:34:09 AM',True,'2021-07-03 10:34:09 PM','B',True,True),
(149,6,'2021-06-30 10:34:09 AM',True,'2021-07-03 10:34:09 PM','86',True,True),
(88,5,'2021-03-21 10:34:09 AM',True,'2021-03-24 10:34:09 PM','A',False,True),
(128,5,'2021-03-21 10:34:09 AM',True,'2021-03-24 10:34:09 PM','5',False,True),
(100,4,'2021-03-31 10:34:09 AM',True,'2021-04-03 10:34:09 PM','A',False,True),
(116,5,'2021-03-31 10:34:09 AM',True,'2021-04-03 10:34:09 PM','56',True,True),
(55,5,'2021-02-11 10:34:09 AM',True,'2021-02-14 10:34:09 PM','B',True,True),
(98,6,'2021-02-11 10:34:09 AM',True,'2021-02-14 10:34:09 PM','26',False,True),
(109,5,'2021-01-07 10:34:09 AM',True,'2021-01-10 10:34:09 PM','A',False,True),
(8,5,'2021-01-07 10:34:09 AM',False,'2021-01-10 10:34:09 PM','1',False,True),
(22,6,'2021-01-07 10:34:09 AM',True,'2021-01-10 10:34:09 PM','C',True,True),
(101,5,'2021-01-07 10:34:09 AM',True,'2021-01-10 10:34:09 PM','38',False,True),
(121,4,'2021-04-29 10:34:09 AM',True,'2021-05-02 10:34:09 PM','C',False,True),
(5,4,'2021-04-29 10:34:09 AM',True,'2021-05-02 10:34:09 PM','45',True,True),
(28,4,'2021-03-17 10:34:09 AM',True,'2021-03-20 10:34:09 PM','C',True,True),
(131,5,'2021-03-17 10:34:09 AM',False,'2021-03-20 10:34:09 PM','69',False,True),
(106,4,'2021-02-27 10:34:09 AM',False,'2021-03-02 10:34:09 PM','D',True,True),
(35,4,'2021-02-27 10:34:09 AM',True,'2021-03-02 10:34:09 PM','98',True,True),
(31,6,'2021-01-11 10:34:09 AM',False,'2021-01-14 10:34:09 PM','D',False,True),
(50,6,'2021-01-11 10:34:09 AM',True,'2021-01-14 10:34:09 PM','50',False,True),
(85,6,'2021-03-05 10:34:09 AM',True,'2021-03-08 10:34:09 PM','D',True,True),
(80,6,'2021-03-05 10:34:09 AM',True,'2021-03-08 10:34:09 PM','100',True,True),
(55,6,'2021-03-17 10:34:09 AM',False,'2021-03-20 10:34:09 PM','B',False,True),
(113,6,'2021-03-17 10:34:09 AM',True,'2021-03-20 10:34:09 PM','20',True,True),
(121,6,'2021-02-23 10:34:09 AM',True,'2021-02-26 10:34:09 PM','A',False,True),
(149,5,'2021-02-23 10:34:09 AM',True,'2021-02-26 10:34:09 PM','12',False,True),
(28,5,'2021-07-11 10:34:09 AM',True,'2021-07-14 10:34:09 PM','D',True,True),
(95,4,'2021-07-11 10:34:09 AM',False,'2021-07-14 10:34:09 PM','98',True,True),
(133,4,'2021-01-26 10:34:09 AM',False,'2021-01-29 10:34:09 PM','D',False,True),
(44,5,'2021-01-26 10:34:09 AM',True,'2021-01-29 10:34:09 PM','19',False,True),
(46,6,'2021-03-24 10:34:09 AM',True,'2021-03-27 10:34:09 PM','A',False,True),
(110,6,'2021-03-24 10:34:09 AM',True,'2021-03-27 10:34:09 PM','67',True,True),
(103,4,'2021-07-17 10:34:09 AM',True,'2021-07-20 10:34:09 PM','A',False,True),
(134,5,'2021-07-17 10:34:09 AM',True,'2021-07-20 10:34:09 PM','87',False,True),
(121,5,'2021-07-07 10:34:09 AM',True,'2021-07-10 10:34:09 PM','D',True,True),
(89,5,'2021-07-07 10:34:09 AM',True,'2021-07-10 10:34:09 PM','72',False,True),
(22,5,'2021-05-30 10:34:09 AM',True,'2021-06-02 10:34:09 PM','B',True,True),
(35,5,'2021-05-30 10:34:09 AM',True,'2021-06-02 10:34:09 PM','76',False,True),
(139,4,'2021-02-27 10:34:09 AM',True,'2021-03-02 10:34:09 PM','C',False,True),
(134,4,'2021-02-27 10:34:09 AM',False,'2021-03-02 10:34:09 PM','70',False,True),
(76,5,'2021-04-10 10:34:09 AM',True,'2021-04-13 10:34:09 PM','D',True,True),
(86,6,'2021-04-10 10:34:09 AM',True,'2021-04-13 10:34:09 PM','93',False,True),
(52,5,'2021-04-01 10:34:09 AM',False,'2021-04-04 10:34:09 PM','D',False,True),
(29,4,'2021-04-01 10:34:09 AM',True,'2021-04-04 10:34:09 PM','69',False,True),
(100,6,'2021-03-16 10:34:09 AM',True,'2021-03-19 10:34:09 PM','C',False,True),
(5,4,'2021-03-16 10:34:09 AM',False,'2021-03-19 10:34:09 PM','39',False,True),
(121,6,'2021-05-07 10:34:09 AM',True,'2021-05-10 10:34:09 PM','C',True,True),
(140,6,'2021-05-07 10:34:09 AM',False,'2021-05-10 10:34:09 PM','39',True,True),
(94,6,'2021-05-19 10:34:09 AM',False,'2021-05-22 10:34:09 PM','B',True,True),
(95,6,'2021-05-19 10:34:09 AM',True,'2021-05-22 10:34:09 PM','60',True,True),
(1,6,'2021-02-26 10:34:09 AM',True,'2021-03-01 10:34:09 PM','C',False,True),
(101,4,'2021-02-26 10:34:09 AM',False,'2021-03-01 10:34:09 PM','92',False,True),
(64,6,'2021-01-31 10:34:09 AM',True,'2021-02-03 10:34:09 PM','B',False,True),
(125,6,'2021-01-31 10:34:09 AM',True,'2021-02-03 10:34:09 PM','20',False,True),
(28,5,'2021-07-02 10:34:09 AM',True,'2021-07-05 10:34:09 PM','D',True,True),
(50,6,'2021-07-02 10:34:09 AM',True,'2021-07-05 10:34:09 PM','0',False,True),
(37,5,'2021-06-16 10:34:09 AM',True,'2021-06-19 10:34:09 PM','A',True,True),
(2,6,'2021-06-16 10:34:09 AM',False,'2021-06-19 10:34:09 PM','82',False,True),
(28,4,'2021-05-12 10:34:09 AM',True,'2021-05-15 10:34:09 PM','A',True,True),
(11,6,'2021-05-12 10:34:09 AM',True,'2021-05-15 10:34:09 PM','47',True,True),
(1,4,'2021-03-08 10:34:09 AM',False,'2021-03-11 10:34:09 PM','D',False,True),
(122,6,'2021-03-08 10:34:09 AM',False,'2021-03-11 10:34:09 PM','80',False,True),
(34,6,'2021-06-08 10:34:09 AM',True,'2021-06-11 10:34:09 PM','B',False,True),
(116,5,'2021-06-08 10:34:09 AM',True,'2021-06-11 10:34:09 PM','42',True,True),
(142,4,'2021-02-08 10:34:09 AM',True,'2021-02-11 10:34:09 PM','D',False,True),
(20,6,'2021-02-08 10:34:09 AM',True,'2021-02-11 10:34:09 PM','4',True,True),
(22,6,'2021-01-16 10:34:09 AM',True,'2021-01-19 10:34:09 PM','C',True,True),
(104,5,'2021-01-16 10:34:09 AM',True,'2021-01-19 10:34:09 PM','98',False,True),
(49,6,'2021-01-15 10:34:09 AM',True,'2021-01-18 10:34:09 PM','A',False,True),
(62,4,'2021-01-15 10:34:09 AM',True,'2021-01-18 10:34:09 PM','24',False,True),
(73,5,'2021-04-07 10:34:09 AM',True,'2021-04-10 10:34:09 PM','B',False,True),
(62,4,'2021-04-07 10:34:09 AM',True,'2021-04-10 10:34:09 PM','48',False,True),
(28,5,'2021-01-28 10:34:09 AM',True,'2021-01-31 10:34:09 PM','B',True,True),
(107,6,'2021-01-28 10:34:09 AM',True,'2021-01-31 10:34:09 PM','56',False,True),
(49,5,'2021-04-20 10:34:09 AM',True,'2021-04-23 10:34:09 PM','A',True,True),
(59,4,'2021-04-20 10:34:09 AM',True,'2021-04-23 10:34:09 PM','3',True,True),
(70,6,'2021-05-11 10:34:09 AM',True,'2021-05-14 10:34:09 PM','B',True,True),
(110,5,'2021-05-11 10:34:09 AM',True,'2021-05-14 10:34:09 PM','57',False,True),
(49,5,'2021-05-28 10:34:09 AM',True,'2021-05-31 10:34:09 PM','D',False,True),
(32,6,'2021-05-28 10:34:09 AM',False,'2021-05-31 10:34:09 PM','22',True,True),
(94,6,'2021-01-21 10:34:09 AM',True,'2021-01-24 10:34:09 PM','B',False,True),
(53,6,'2021-01-21 10:34:09 AM',False,'2021-01-24 10:34:09 PM','52',True,True),
(91,5,'2021-03-26 10:34:09 AM',True,'2021-03-29 10:34:09 PM','D',True,True),
(95,5,'2021-03-26 10:34:09 AM',True,'2021-03-29 10:34:09 PM','18',False,True),
(121,6,'2021-01-31 10:34:09 AM',True,'2021-02-03 10:34:09 PM','A',False,True),
(53,4,'2021-01-31 10:34:09 AM',True,'2021-02-03 10:34:09 PM','85',False,True),
(139,5,'2021-01-19 10:34:09 AM',True,'2021-01-22 10:34:09 PM','C',False,True),
(5,5,'2021-01-19 10:34:09 AM',True,'2021-01-22 10:34:09 PM','1',True,True),
(127,4,'2021-06-06 10:34:09 AM',True,'2021-06-09 10:34:09 PM','D',True,True),
(5,5,'2021-06-06 10:34:09 AM',False,'2021-06-09 10:34:09 PM','74',False,True),
(37,5,'2021-06-14 10:34:09 AM',True,'2021-06-17 10:34:09 PM','D',True,True),
(125,4,'2021-06-14 10:34:09 AM',False,'2021-06-17 10:34:09 PM','82',True,True),
(124,4,'2021-04-03 10:34:09 AM',True,'2021-04-06 10:34:09 PM','A',True,True),
(128,5,'2021-04-03 10:34:09 AM',True,'2021-04-06 10:34:09 PM','24',False,True),
(82,5,'2021-05-28 10:34:09 AM',True,'2021-05-31 10:34:09 PM','D',True,True),
(149,5,'2021-05-28 10:34:09 AM',True,'2021-05-31 10:34:09 PM','83',False,True),
(148,4,'2021-04-05 10:34:09 AM',True,'2021-04-08 10:34:09 PM','A',False,True),
(122,4,'2021-04-05 10:34:09 AM',False,'2021-04-08 10:34:09 PM','53',False,True),
(52,4,'2021-02-23 10:34:09 AM',True,'2021-02-26 10:34:09 PM','A',True,True),
(89,5,'2021-02-23 10:34:09 AM',True,'2021-02-26 10:34:09 PM','43',False,True),
(58,5,'2021-06-29 10:34:09 AM',True,'2021-07-02 10:34:09 PM','B',True,True),
(125,4,'2021-06-29 10:34:09 AM',True,'2021-07-02 10:34:09 PM','79',False,True),
(139,5,'2021-06-04 10:34:09 AM',True,'2021-06-07 10:34:09 PM','C',True,True),
(65,4,'2021-06-04 10:34:09 AM',True,'2021-06-07 10:34:09 PM','89',False,True),
(34,5,'2021-06-12 10:34:09 AM',True,'2021-06-15 10:34:09 PM','C',True,True),
(77,6,'2021-06-12 10:34:09 AM',True,'2021-06-15 10:34:09 PM','58',True,True),
(31,5,'2021-07-04 10:34:09 AM',True,'2021-07-07 10:34:09 PM','C',True,True),
(89,4,'2021-07-04 10:34:09 AM',True,'2021-07-07 10:34:09 PM','86',True,True),
(22,6,'2021-06-11 10:34:09 AM',True,'2021-06-14 10:34:09 PM','A',True,True),
(23,4,'2021-06-11 10:34:09 AM',True,'2021-06-14 10:34:09 PM','30',False,True),
(34,4,'2021-01-17 10:34:09 AM',True,'2021-01-20 10:34:09 PM','A',False,True),
(20,6,'2021-01-17 10:34:09 AM',True,'2021-01-20 10:34:09 PM','27',False,True),
(112,4,'2021-05-08 10:34:09 AM',True,'2021-05-11 10:34:09 PM','C',True,True),
(98,5,'2021-05-08 10:34:09 AM',True,'2021-05-11 10:34:09 PM','35',True,True),
(115,5,'2021-04-07 10:34:09 AM',True,'2021-04-10 10:34:09 PM','C',False,True),
(41,6,'2021-04-07 10:34:09 AM',True,'2021-04-10 10:34:09 PM','91',True,True),
(130,4,'2021-06-25 10:34:09 AM',True,'2021-06-28 10:34:09 PM','D',True,True),
(89,6,'2021-06-25 10:34:09 AM',True,'2021-06-28 10:34:09 PM','84',True,True),
(58,5,'2021-06-18 10:34:09 AM',True,'2021-06-21 10:34:09 PM','C',False,True),
(20,6,'2021-06-18 10:34:09 AM',True,'2021-06-21 10:34:09 PM','22',True,True),
(10,6,'2021-04-28 10:34:09 AM',True,'2021-05-01 10:34:09 PM','C',True,True),
(139,6,'2021-05-05 10:34:09 AM',True,'2021-05-08 10:34:09 PM','C',False,True),
(41,6,'2021-05-05 10:34:09 AM',True,'2021-05-08 10:34:09 PM','38',False,True),
(73,6,'2021-04-27 10:34:09 AM',True,'2021-04-30 10:34:09 PM','B',True,True),
(17,4,'2021-04-27 10:34:09 AM',True,'2021-04-30 10:34:09 PM','52',False,True),
(16,4,'2021-01-27 10:34:09 AM',True,'2021-01-30 10:34:09 PM','D',False,True),
(92,6,'2021-01-27 10:34:09 AM',False,'2021-01-30 10:34:09 PM','5',True,True),
(121,5,'2021-03-21 10:34:09 AM',True,'2021-03-24 10:34:09 PM','D',True,True),
(74,5,'2021-03-21 10:34:09 AM',False,'2021-03-24 10:34:09 PM','79',False,True),
(46,4,'2021-05-03 10:34:09 AM',True,'2021-05-06 10:34:09 PM','D',True,True),
(122,6,'2021-05-03 10:34:09 AM',True,'2021-05-06 10:34:09 PM','21',True,True),
(22,4,'2021-05-10 10:34:09 AM',False,'2021-05-13 10:34:09 PM','C',False,True),
(83,4,'2021-05-10 10:34:09 AM',True,'2021-05-13 10:34:09 PM','46',False,True),
(130,5,'2021-07-12 10:34:09 AM',True,'2021-07-15 10:34:09 PM','A',True,True),
(74,6,'2021-07-12 10:34:09 AM',True,'2021-07-15 10:34:09 PM','89',False,True),
(13,5,'2021-04-18 10:34:09 AM',True,'2021-04-21 10:34:09 PM','A',False,True),
(5,5,'2021-04-18 10:34:09 AM',True,'2021-04-21 10:34:09 PM','77',False,True),
(133,6,'2021-07-13 10:34:09 AM',True,'2021-07-16 10:34:09 PM','A',True,True),
(86,6,'2021-07-13 10:34:09 AM',False,'2021-07-16 10:34:09 PM','31',False,True),
(25,6,'2021-02-04 10:34:09 AM',True,'2021-02-07 10:34:09 PM','D',True,True),
(53,5,'2021-02-04 10:34:09 AM',True,'2021-02-07 10:34:09 PM','65',True,True),
(145,4,'2021-01-16 10:34:09 AM',True,'2021-01-19 10:34:09 PM','B',False,True),
(2,6,'2021-01-16 10:34:09 AM',True,'2021-01-19 10:34:09 PM','47',True,True),
(91,6,'2021-07-03 10:34:09 AM',True,'2021-07-06 10:34:09 PM','D',True,True),
(86,5,'2021-07-03 10:34:09 AM',True,'2021-07-06 10:34:09 PM','84',False,True),
(121,4,'2021-05-08 10:34:09 AM',False,'2021-05-11 10:34:09 PM','A',False,True),
(71,4,'2021-05-08 10:34:09 AM',True,'2021-05-11 10:34:09 PM','56',False,True),
(100,4,'2021-05-12 10:34:09 AM',True,'2021-05-15 10:34:09 PM','B',True,True),
(110,6,'2021-05-12 10:34:09 AM',True,'2021-05-15 10:34:09 PM','52',False,True),
(70,5,'2021-03-22 10:34:09 AM',True,'2021-03-25 10:34:09 PM','B',True,True),
(53,4,'2021-03-22 10:34:09 AM',True,'2021-03-25 10:34:09 PM','63',False,True),
(115,4,'2021-05-16 10:34:09 AM',True,'2021-05-19 10:34:09 PM','B',False,True),
(80,6,'2021-05-16 10:34:09 AM',True,'2021-05-19 10:34:09 PM','81',True,True),
(136,4,'2021-06-17 10:34:09 AM',True,'2021-06-20 10:34:09 PM','C',True,True),
(95,5,'2021-06-17 10:34:09 AM',True,'2021-06-20 10:34:09 PM','91',True,True),
(130,5,'2021-01-26 10:34:09 AM',True,'2021-01-29 10:34:09 PM','D',True,True),
(89,4,'2021-01-26 10:34:09 AM',True,'2021-01-29 10:34:09 PM','34',True,True),
(76,6,'2021-04-25 10:34:09 AM',True,'2021-04-28 10:34:09 PM','B',False,True),
(29,5,'2021-04-25 10:34:09 AM',True,'2021-04-28 10:34:09 PM','59',False,True),
(109,5,'2021-01-10 10:34:09 AM',True,'2021-01-13 10:34:09 PM','C',True,True),
(116,4,'2021-01-10 10:34:09 AM',True,'2021-01-13 10:34:09 PM','2',True,True),
(22,5,'2021-02-07 10:34:09 AM',True,'2021-02-10 10:34:09 PM','C',False,True),
(125,6,'2021-02-07 10:34:09 AM',True,'2021-02-10 10:34:09 PM','42',False,True),
(73,6,'2021-07-14 10:34:09 AM',True,'2021-07-17 10:34:09 PM','B',True,True),
(107,5,'2021-07-14 10:34:09 AM',True,'2021-07-17 10:34:09 PM','43',True,True),
(64,4,'2021-07-11 10:34:09 AM',True,'2021-07-14 10:34:09 PM','A',False,True),
(133,6,'2021-01-06 10:34:09 AM',False,'2021-01-09 10:34:09 PM','B',False,True),
(107,4,'2021-01-06 10:34:09 AM',True,'2021-01-09 10:34:09 PM','37',False,True),
(55,5,'2021-01-06 10:34:09 AM',True,'2021-01-09 10:34:09 PM','B',False,True),
(2,6,'2021-01-06 10:34:09 AM',True,'2021-01-09 10:34:09 PM','14',False,True),
(49,6,'2021-01-25 10:34:09 AM',False,'2021-01-28 10:34:09 PM','B',False,True),
(5,5,'2021-01-25 10:34:09 AM',True,'2021-01-28 10:34:09 PM','9',False,True),
(4,4,'2021-02-26 10:34:09 AM',True,'2021-03-01 10:34:09 PM','C',True,True),
(134,5,'2021-02-26 10:34:09 AM',False,'2021-03-01 10:34:09 PM','3',True,True),
(64,6,'2021-05-10 10:34:09 AM',True,'2021-05-13 10:34:09 PM','D',True,True),
(125,6,'2021-05-10 10:34:09 AM',True,'2021-05-13 10:34:09 PM','22',True,True),
(19,4,'2021-05-24 10:34:09 AM',True,'2021-05-27 10:34:09 PM','C',True,True),
(143,6,'2021-05-24 10:34:09 AM',True,'2021-05-27 10:34:09 PM','50',False,True),
(64,6,'2021-02-09 10:34:09 AM',False,'2021-02-12 10:34:09 PM','A',True,True),
(35,4,'2021-02-09 10:34:09 AM',False,'2021-02-12 10:34:09 PM','83',False,True),
(139,5,'2021-03-20 10:34:09 AM',False,'2021-03-23 10:34:09 PM','B',True,True),
(110,5,'2021-03-20 10:34:09 AM',True,'2021-03-23 10:34:09 PM','30',True,True),
(25,4,'2021-05-08 10:34:09 AM',True,'2021-05-11 10:34:09 PM','C',True,True),
(98,4,'2021-05-08 10:34:09 AM',True,'2021-05-11 10:34:09 PM','15',False,True),
(61,4,'2021-05-04 10:34:09 AM',True,'2021-05-07 10:34:09 PM','A',True,True),
(62,6,'2021-05-04 10:34:09 AM',True,'2021-05-07 10:34:09 PM','23',False,True),
(103,4,'2021-05-04 10:34:09 AM',True,'2021-05-07 10:34:09 PM','C',True,True),
(119,5,'2021-05-04 10:34:09 AM',True,'2021-05-07 10:34:09 PM','49',False,True),
(91,5,'2021-06-09 10:34:09 AM',True,'2021-06-12 10:34:09 PM','B',True,True),
(50,5,'2021-06-09 10:34:09 AM',True,'2021-06-12 10:34:09 PM','44',True,True),
(7,6,'2021-02-06 10:34:09 AM',True,'2021-02-09 10:34:09 PM','C',True,True),
(53,6,'2021-02-06 10:34:09 AM',True,'2021-02-09 10:34:09 PM','47',True,True),
(118,4,'2021-03-22 10:34:09 AM',True,'2021-03-25 10:34:09 PM','C',True,True),
(50,6,'2021-03-22 10:34:09 AM',False,'2021-03-25 10:34:09 PM','90',True,True),
(73,4,'2021-02-05 10:34:09 AM',True,'2021-02-08 10:34:09 PM','B',True,True),
(59,6,'2021-02-05 10:34:09 AM',True,'2021-02-08 10:34:09 PM','38',False,True),
(124,4,'2021-04-15 10:34:09 AM',True,'2021-04-18 10:34:09 PM','D',True,True),
(8,6,'2021-04-15 10:34:09 AM',True,'2021-04-18 10:34:09 PM','48',True,True),
(46,5,'2021-06-14 10:34:09 AM',True,'2021-06-17 10:34:09 PM','A',False,True),
(77,4,'2021-06-14 10:34:09 AM',True,'2021-06-17 10:34:09 PM','74',True,True),
(115,6,'2021-02-28 10:34:09 AM',True,'2021-03-03 10:34:09 PM','B',False,True),
(86,5,'2021-02-28 10:34:09 AM',True,'2021-03-03 10:34:09 PM','55',True,True),
(28,4,'2021-06-19 10:34:09 AM',False,'2021-06-22 10:34:09 PM','B',True,True),
(149,5,'2021-06-19 10:34:09 AM',True,'2021-06-22 10:34:09 PM','20',False,True),
(22,4,'2021-05-22 10:34:09 AM',True,'2021-05-25 10:34:09 PM','B',False,True),
(44,4,'2021-05-22 10:34:09 AM',False,'2021-05-25 10:34:09 PM','18',False,True),
(115,6,'2021-07-02 10:34:09 AM',True,'2021-07-05 10:34:09 PM','D',True,True),
(2,5,'2021-07-02 10:34:09 AM',True,'2021-07-05 10:34:09 PM','11',True,True),
(124,6,'2021-03-23 10:34:09 AM',True,'2021-03-26 10:34:09 PM','C',True,True),
(131,5,'2021-03-23 10:34:09 AM',True,'2021-03-26 10:34:09 PM','66',True,True),
(28,6,'2021-03-03 10:34:09 AM',False,'2021-03-06 10:34:09 PM','C',True,True),
(2,4,'2021-03-03 10:34:09 AM',True,'2021-03-06 10:34:09 PM','34',True,True),
(148,6,'2021-06-30 10:34:09 AM',False,'2021-07-03 10:34:09 PM','D',False,True),
(107,6,'2021-06-30 10:34:09 AM',True,'2021-07-03 10:34:09 PM','74',True,True),
(85,6,'2021-01-10 10:34:09 AM',True,'2021-01-13 10:34:09 PM','D',True,True),
(95,4,'2021-01-10 10:34:09 AM',True,'2021-01-13 10:34:09 PM','50',False,True),
(19,4,'2021-01-16 10:34:09 AM',True,'2021-01-19 10:34:09 PM','D',True,True),
(77,5,'2021-01-16 10:34:09 AM',True,'2021-01-19 10:34:09 PM','54',False,True),
(79,6,'2021-01-20 10:34:09 AM',True,'2021-01-23 10:34:09 PM','D',False,True),
(125,6,'2021-01-20 10:34:09 AM',True,'2021-01-23 10:34:09 PM','5',False,True),
(37,4,'2021-01-27 10:34:09 AM',True,'2021-01-30 10:34:09 PM','B',False,True),
(5,5,'2021-01-27 10:34:09 AM',True,'2021-01-30 10:34:09 PM','37',True,True),
(106,5,'2021-01-28 10:34:09 AM',True,'2021-01-31 10:34:09 PM','B',True,True),
(146,5,'2021-01-28 10:34:09 AM',True,'2021-01-31 10:34:09 PM','92',False,True),
(142,5,'2021-02-08 10:34:09 AM',True,'2021-02-11 10:34:09 PM','D',True,True),
(5,6,'2021-02-08 10:34:09 AM',True,'2021-02-11 10:34:09 PM','20',False,True),
(91,6,'2021-06-06 10:34:09 AM',True,'2021-06-09 10:34:09 PM','B',False,True),
(59,6,'2021-06-06 10:34:09 AM',True,'2021-06-09 10:34:09 PM','74',True,True),
(10,4,'2021-05-24 10:34:09 AM',True,'2021-05-27 10:34:09 PM','B',True,True),
(68,5,'2021-05-24 10:34:09 AM',True,'2021-05-27 10:34:09 PM','67',False,True),
(43,5,'2021-07-08 10:34:09 AM',False,'2021-07-11 10:34:09 PM','C',False,True),
(17,6,'2021-07-08 10:34:09 AM',True,'2021-07-11 10:34:09 PM','74',False,True),
(19,4,'2021-05-21 10:34:09 AM',True,'2021-05-24 10:34:09 PM','D',False,True),
(2,4,'2021-05-21 10:34:09 AM',True,'2021-05-24 10:34:09 PM','85',False,True),
(46,5,'2021-03-01 10:34:09 AM',True,'2021-03-04 10:34:09 PM','D',False,True),
(35,4,'2021-03-01 10:34:09 AM',True,'2021-03-04 10:34:09 PM','18',True,True),
(7,4,'2021-04-02 10:34:09 AM',True,'2021-04-05 10:34:09 PM','A',False,True),
(146,4,'2021-04-02 10:34:09 AM',True,'2021-04-05 10:34:09 PM','6',True,True),
(61,6,'2021-03-07 10:34:09 AM',False,'2021-03-10 10:34:09 PM','B',True,True),
(83,4,'2021-03-07 10:34:09 AM',False,'2021-03-10 10:34:09 PM','83',True,True),
(73,4,'2021-04-17 10:34:09 AM',False,'2021-04-20 10:34:09 PM','C',False,True),
(65,4,'2021-04-17 10:34:09 AM',True,'2021-04-20 10:34:09 PM','7',True,True),
(97,5,'2021-04-18 10:34:09 AM',True,'2021-04-21 10:34:09 PM','C',True,True),
(140,5,'2021-04-18 10:34:09 AM',True,'2021-04-21 10:34:09 PM','78',True,True),
(76,6,'2021-05-11 10:34:09 AM',True,'2021-05-14 10:34:09 PM','A',True,True),
(2,6,'2021-05-11 10:34:09 AM',True,'2021-05-14 10:34:09 PM','26',False,True),
(64,5,'2021-05-18 10:34:09 AM',True,'2021-05-21 10:34:09 PM','C',True,True),
(104,5,'2021-05-18 10:34:09 AM',True,'2021-05-21 10:34:09 PM','63',False,True),
(70,6,'2021-04-19 10:34:09 AM',True,'2021-04-22 10:34:09 PM','A',False,True),
(11,6,'2021-04-19 10:34:09 AM',True,'2021-04-22 10:34:09 PM','20',True,True),
(19,6,'2021-05-27 10:34:09 AM',True,'2021-05-30 10:34:09 PM','C',True,True),
(29,6,'2021-05-27 10:34:09 AM',False,'2021-05-30 10:34:09 PM','88',False,True),
(7,6,'2021-01-27 10:34:09 AM',True,'2021-01-30 10:34:09 PM','B',False,True),
(104,6,'2021-01-27 10:34:09 AM',True,'2021-01-30 10:34:09 PM','23',False,True),
(4,5,'2021-04-11 10:34:09 AM',True,'2021-04-14 10:34:09 PM','D',True,True),
(83,5,'2021-04-11 10:34:09 AM',True,'2021-04-14 10:34:09 PM','77',False,True),
(103,4,'2021-06-20 10:34:09 AM',True,'2021-06-23 10:34:09 PM','C',False,True),
(107,4,'2021-06-20 10:34:09 AM',True,'2021-06-23 10:34:09 PM','43',True,True),
(19,5,'2021-06-08 10:34:09 AM',True,'2021-06-11 10:34:09 PM','C',True,True),
(20,6,'2021-06-08 10:34:09 AM',True,'2021-06-11 10:34:09 PM','77',True,True),
(58,5,'2021-02-12 10:34:09 AM',True,'2021-02-15 10:34:09 PM','D',True,True),
(26,4,'2021-02-12 10:34:09 AM',True,'2021-02-15 10:34:09 PM','58',False,True),
(106,4,'2021-04-26 10:34:09 AM',True,'2021-04-29 10:34:09 PM','C',True,True),
(128,4,'2021-04-26 10:34:09 AM',True,'2021-04-29 10:34:09 PM','30',False,True),
(82,6,'2021-06-03 10:34:09 AM',True,'2021-06-06 10:34:09 PM','D',False,True),
(104,5,'2021-06-03 10:34:09 AM',False,'2021-06-06 10:34:09 PM','31',False,True),
(118,4,'2021-04-11 10:34:09 AM',True,'2021-04-14 10:34:09 PM','A',False,True),
(62,4,'2021-04-11 10:34:09 AM',False,'2021-04-14 10:34:09 PM','79',True,True),
(145,6,'2021-06-20 10:34:09 AM',False,'2021-06-23 10:34:09 PM','C',False,True),
(146,5,'2021-06-20 10:34:09 AM',True,'2021-06-23 10:34:09 PM','23',True,True),
(133,6,'2021-03-29 10:34:09 AM',True,'2021-04-01 10:34:09 PM','A',True,True),
(101,5,'2021-03-29 10:34:09 AM',True,'2021-04-01 10:34:09 PM','8',False,True),
(64,4,'2021-05-31 10:34:09 AM',True,'2021-06-03 10:34:09 PM','C',True,True),
(71,4,'2021-05-31 10:34:09 AM',True,'2021-06-03 10:34:09 PM','43',False,True),
(130,4,'2021-03-22 10:34:09 AM',True,'2021-03-25 10:34:09 PM','D',False,True),
(89,5,'2021-03-22 10:34:09 AM',True,'2021-03-25 10:34:09 PM','88',False,True),
(91,4,'2021-07-17 10:34:09 AM',False,'2021-07-20 10:34:09 PM','A',False,True),
(92,6,'2021-07-17 10:34:09 AM',True,'2021-07-20 10:34:09 PM','38',True,True),
(124,5,'2021-01-09 10:34:09 AM',True,'2021-01-12 10:34:09 PM','B',True,True),
(50,6,'2021-01-09 10:34:09 AM',True,'2021-01-12 10:34:09 PM','11',True,True),
(58,6,'2021-01-28 10:34:09 AM',True,'2021-01-31 10:34:09 PM','C',True,True),
(74,4,'2021-01-28 10:34:09 AM',True,'2021-01-31 10:34:09 PM','41',False,True),
(112,5,'2021-03-10 10:34:09 AM',True,'2021-03-13 10:34:09 PM','B',True,True),
(11,6,'2021-03-10 10:34:09 AM',False,'2021-03-13 10:34:09 PM','95',False,True),
(79,6,'2021-03-15 10:34:09 AM',True,'2021-03-18 10:34:09 PM','B',True,True),
(89,4,'2021-03-15 10:34:09 AM',True,'2021-03-18 10:34:09 PM','53',True,True),
(103,4,'2021-04-13 10:34:09 AM',True,'2021-04-16 10:34:09 PM','C',True,True),
(122,6,'2021-04-13 10:34:09 AM',True,'2021-04-16 10:34:09 PM','72',False,True),
(58,5,'2021-05-29 10:34:09 AM',False,'2021-06-01 10:34:09 PM','D',True,True),
(107,6,'2021-05-29 10:34:09 AM',True,'2021-06-01 10:34:09 PM','95',True,True),
(40,6,'2021-07-16 10:34:09 AM',True,'2021-07-19 10:34:09 PM','A',False,True),
(128,4,'2021-07-16 10:34:09 AM',True,'2021-07-19 10:34:09 PM','9',False,True),
(4,5,'2021-05-16 10:34:09 AM',True,'2021-05-19 10:34:09 PM','A',False,True),
(104,5,'2021-05-16 10:34:09 AM',True,'2021-05-19 10:34:09 PM','91',False,True),
(130,4,'2021-05-13 10:34:09 AM',True,'2021-05-16 10:34:09 PM','A',False,True),
(95,5,'2021-05-13 10:34:09 AM',True,'2021-05-16 10:34:09 PM','89',True,True),
(46,5,'2021-01-20 10:34:09 AM',True,'2021-01-23 10:34:09 PM','B',False,True),
(125,4,'2021-01-20 10:34:09 AM',True,'2021-01-23 10:34:09 PM','24',True,True),
(13,6,'2021-01-14 10:34:09 AM',True,'2021-01-17 10:34:09 PM','B',False,True),
(89,6,'2021-01-14 10:34:09 AM',False,'2021-01-17 10:34:09 PM','53',False,True),
(34,4,'2021-03-07 10:34:09 AM',True,'2021-03-10 10:34:09 PM','B',True,True),
(71,5,'2021-03-07 10:34:09 AM',True,'2021-03-10 10:34:09 PM','56',True,True),
(145,4,'2021-02-10 10:34:09 AM',True,'2021-02-13 10:34:09 PM','B',True,True),
(59,5,'2021-02-10 10:34:09 AM',True,'2021-02-13 10:34:09 PM','91',False,True),
(115,4,'2021-07-14 10:34:09 AM',True,'2021-07-17 10:34:09 PM','B',True,True),
(62,5,'2021-07-14 10:34:09 AM',True,'2021-07-17 10:34:09 PM','14',False,True),
(148,4,'2021-06-07 10:34:09 AM',False,'2021-06-10 10:34:09 PM','C',False,True),
(122,5,'2021-06-07 10:34:09 AM',True,'2021-06-10 10:34:09 PM','46',False,True),
(10,4,'2021-04-03 10:34:09 AM',True,'2021-04-06 10:34:09 PM','A',False,True),
(83,4,'2021-04-03 10:34:09 AM',True,'2021-04-06 10:34:09 PM','88',False,True),
(43,6,'2021-03-03 10:34:09 AM',True,'2021-03-06 10:34:09 PM','B',False,True),
(83,6,'2021-03-03 10:34:09 AM',True,'2021-03-06 10:34:09 PM','53',False,True),
(73,5,'2021-07-09 10:34:09 AM',True,'2021-07-12 10:34:09 PM','C',True,True),
(116,4,'2021-07-09 10:34:09 AM',True,'2021-07-12 10:34:09 PM','45',False,True),
(91,6,'2021-03-27 10:34:09 AM',True,'2021-03-30 10:34:09 PM','C',False,True),
(68,5,'2021-03-27 10:34:09 AM',True,'2021-03-30 10:34:09 PM','99',False,True),
(121,5,'2021-01-06 10:34:09 AM',False,'2021-01-09 10:34:09 PM','B',True,True),
(140,5,'2021-01-06 10:34:09 AM',True,'2021-01-09 10:34:09 PM','61',False,True),
(52,5,'2021-04-29 10:34:09 AM',True,'2021-05-02 10:34:09 PM','A',True,True),
(137,4,'2021-04-29 10:34:09 AM',True,'2021-05-02 10:34:09 PM','97',False,True),
(106,6,'2021-06-22 10:34:09 AM',True,'2021-06-25 10:34:09 PM','C',False,True),
(17,5,'2021-06-22 10:34:09 AM',True,'2021-06-25 10:34:09 PM','6',False,True),
(25,6,'2021-07-14 10:34:09 AM',True,'2021-07-17 10:34:09 PM','A',False,True),
(137,5,'2021-07-14 10:34:09 AM',True,'2021-07-17 10:34:09 PM','77',True,True),
(85,4,'2021-05-15 10:34:09 AM',True,'2021-05-18 10:34:09 PM','A',False,True),
(113,6,'2021-05-15 10:34:09 AM',True,'2021-05-18 10:34:09 PM','44',True,True),
(76,5,'2021-04-16 10:34:09 AM',True,'2021-04-19 10:34:09 PM','B',True,True),
(86,5,'2021-04-16 10:34:09 AM',True,'2021-04-19 10:34:09 PM','76',True,True),
(19,4,'2021-04-26 10:34:09 AM',True,'2021-04-29 10:34:09 PM','A',False,True),
(110,5,'2021-04-26 10:34:09 AM',True,'2021-04-29 10:34:09 PM','13',True,True),
(43,6,'2021-01-19 10:34:09 AM',True,'2021-01-22 10:34:09 PM','C',True,True),
(107,5,'2021-01-19 10:34:09 AM',True,'2021-01-22 10:34:09 PM','98',True,True),
(142,4,'2021-01-22 10:34:09 AM',False,'2021-01-25 10:34:09 PM','D',False,True),
(131,5,'2021-01-22 10:34:09 AM',False,'2021-01-25 10:34:09 PM','38',True,True),
(94,5,'2021-05-25 10:34:09 AM',True,'2021-05-28 10:34:09 PM','A',True,True),
(62,6,'2021-05-25 10:34:09 AM',True,'2021-05-28 10:34:09 PM','94',True,True),
(52,5,'2021-05-13 10:34:09 AM',True,'2021-05-16 10:34:09 PM','B',False,True),
(5,6,'2021-05-13 10:34:09 AM',False,'2021-05-16 10:34:09 PM','48',False,True),
(115,6,'2021-06-14 10:34:09 AM',True,'2021-06-17 10:34:09 PM','A',True,True),
(131,6,'2021-06-14 10:34:09 AM',True,'2021-06-17 10:34:09 PM','72',False,True),
(136,4,'2021-01-07 10:34:09 AM',True,'2021-01-10 10:34:09 PM','D',False,True),
(44,6,'2021-01-07 10:34:09 AM',True,'2021-01-10 10:34:09 PM','15',True,True),
(91,4,'2021-04-25 10:34:09 AM',False,'2021-04-28 10:34:09 PM','B',True,True),
(8,5,'2021-04-25 10:34:09 AM',True,'2021-04-28 10:34:09 PM','33',False,True),
(40,6,'2021-01-03 10:34:09 AM',True,'2021-01-06 10:34:09 PM','A',False,True),
(140,6,'2021-01-03 10:34:09 AM',True,'2021-01-06 10:34:09 PM','15',False,True),
(1,5,'2021-02-04 10:34:09 AM',True,'2021-02-07 10:34:09 PM','A',False,True),
(11,4,'2021-02-04 10:34:09 AM',True,'2021-02-07 10:34:09 PM','33',False,True),
(124,6,'2021-02-25 10:34:09 AM',True,'2021-02-28 10:34:09 PM','B',False,True),
(149,4,'2021-02-25 10:34:09 AM',True,'2021-02-28 10:34:09 PM','100',False,True),
(55,4,'2021-07-15 10:34:09 AM',True,'2021-07-18 10:34:09 PM','A',True,True),
(38,6,'2021-07-15 10:34:09 AM',True,'2021-07-18 10:34:09 PM','97',False,True),
(133,5,'2021-07-11 10:34:09 AM',True,'2021-07-14 10:34:09 PM','D',False,True),
(80,5,'2021-07-11 10:34:09 AM',True,'2021-07-14 10:34:09 PM','13',False,True),
(55,6,'2021-06-26 10:34:09 AM',True,'2021-06-29 10:34:09 PM','B',False,True),
(137,5,'2021-06-26 10:34:09 AM',True,'2021-06-29 10:34:09 PM','18',True,True),
(136,5,'2021-03-12 10:34:09 AM',True,'2021-03-15 10:34:09 PM','B',True,True),
(35,6,'2021-03-12 10:34:09 AM',True,'2021-03-15 10:34:09 PM','82',True,True),
(40,5,'2021-04-28 10:34:09 AM',True,'2021-05-01 10:34:09 PM','B',True,True),
(125,5,'2021-04-28 10:34:09 AM',True,'2021-05-01 10:34:09 PM','30',True,True),
(127,5,'2021-02-06 10:34:09 AM',True,'2021-02-09 10:34:09 PM','D',True,True),
(125,5,'2021-02-06 10:34:09 AM',True,'2021-02-09 10:34:09 PM','73',False,True),
(34,4,'2021-03-29 10:34:09 AM',True,'2021-04-01 10:34:09 PM','C',True,True),
(149,6,'2021-03-29 10:34:09 AM',True,'2021-04-01 10:34:09 PM','33',False,True),
(13,5,'2021-05-05 10:34:09 AM',True,'2021-05-08 10:34:09 PM','A',True,True),
(95,4,'2021-05-05 10:34:09 AM',True,'2021-05-08 10:34:09 PM','54',True,True),
(40,5,'2021-07-17 10:34:09 AM',True,'2021-07-20 10:34:09 PM','A',False,True),
(62,6,'2021-07-17 10:34:09 AM',True,'2021-07-20 10:34:09 PM','9',True,True),
(79,6,'2021-06-20 10:34:09 AM',True,'2021-06-23 10:34:09 PM','C',False,True),
(104,5,'2021-06-20 10:34:09 AM',True,'2021-06-23 10:34:09 PM','11',True,True),
(13,5,'2021-06-24 10:34:09 AM',True,'2021-06-27 10:34:09 PM','B',True,True),
(44,4,'2021-06-24 10:34:09 AM',True,'2021-06-27 10:34:09 PM','38',True,True),
(25,4,'2021-02-08 10:34:09 AM',True,'2021-02-11 10:34:09 PM','C',False,True),
(20,5,'2021-02-08 10:34:09 AM',True,'2021-02-11 10:34:09 PM','68',False,True),
(124,6,'2021-01-29 10:34:09 AM',True,'2021-02-01 10:34:09 PM','A',True,True),
(35,5,'2021-01-29 10:34:09 AM',True,'2021-02-01 10:34:09 PM','73',True,True),
(118,4,'2021-01-08 10:34:09 AM',True,'2021-01-11 10:34:09 PM','B',False,True),
(80,5,'2021-01-08 10:34:09 AM',True,'2021-01-11 10:34:09 PM','88',True,True),
(85,6,'2021-02-27 10:34:09 AM',False,'2021-03-02 10:34:09 PM','C',False,True),
(89,4,'2021-02-27 10:34:09 AM',True,'2021-03-02 10:34:09 PM','62',False,True),
(97,5,'2021-02-27 10:34:09 AM',True,'2021-03-02 10:34:09 PM','C',True,True),
(101,5,'2021-02-27 10:34:09 AM',True,'2021-03-02 10:34:09 PM','20',True,True),
(121,6,'2021-04-21 10:34:09 AM',True,'2021-04-24 10:34:09 PM','A',True,True),
(59,5,'2021-04-21 10:34:09 AM',True,'2021-04-24 10:34:09 PM','95',False,True),
(10,4,'2021-07-05 10:34:09 AM',True,'2021-07-08 10:34:09 PM','A',False,True),
(20,4,'2021-07-05 10:34:09 AM',True,'2021-07-08 10:34:09 PM','72',True,True),
(76,4,'2021-01-09 10:34:09 AM',True,'2021-01-12 10:34:09 PM','B',True,True),
(74,6,'2021-01-09 10:34:09 AM',True,'2021-01-12 10:34:09 PM','93',True,True),
(82,6,'2021-05-21 10:34:09 AM',False,'2021-05-24 10:34:09 PM','C',False,True),
(65,6,'2021-05-21 10:34:09 AM',True,'2021-05-24 10:34:09 PM','72',False,True),
(88,5,'2021-01-20 10:34:09 AM',True,'2021-01-23 10:34:09 PM','A',True,True),
(83,6,'2021-01-20 10:34:09 AM',False,'2021-01-23 10:34:09 PM','31',True,True);